centroeducativobelen.edu.co,,"https://ik.imagekit.io/pi9lsweb7gk/tr:w-495,h-495,c-at_max/c96e2d1ef1a5e556ab89cc4c09ef2ff8_image.jpg",,
OOTD 11.22.19: Grey Plaid Pencil Skirt,,https://www.visionsofvogue.com/wp-content/uploads/2019/10/253A337B-B2DD-4673-A730-D3D730AEF707.jpeg,,
OOTD 11.18.19: Green Chain Link Blouse and Pencil Skirt,,https://www.visionsofvogue.com/wp-content/uploads/2019/10/17D74EE2-9EA9-464E-A11A-122E2C88F202.jpeg,,
OOTD 5.17.19: Black Flare Skirt,,https://www.visionsofvogue.com/wp-content/uploads/2019/05/0C260495-09A2-4F98-8591-F09A8DCF0A3C.jpeg,,
Best Workwear Essentials: Blouse and A-Line Skirt (OOTD 3.4.19),,https://www.visionsofvogue.com/wp-content/uploads/2019/03/0A7EBEA4-663B-4DF5-99EE-456E7E4EEFBB.jpeg,,
manminchurch.se,,https://www.visionsofvogue.com/wp-content/uploads/2019/10/4DC84ACD-3311-4218-8B83-122AF2B0AAF9.jpeg,,
White Lace Pencil Skirts 2018 Spring Outfit Trends ...,,https://i.pinimg.com/474x/4e/d6/c6/4ed6c6f9013436b91c865be07d0c8506--lace-skirt-outfits-lace-outfit.jpg,,
"Fashion Trends | Lace outfit, White lace skirt, Lace skirt outfits",,https://i.pinimg.com/736x/b2/71/0c/b2710c5dc1cbbef8b4e9d92d89fb790a.jpg,,
"Emily Lace Midi Skirt | Lace midi skirt, Fashion, Lace outfit",,https://i.pinimg.com/736x/d6/ce/68/d6ce68220b875c0d4b7d56c4e22526c4.jpg,,
apanderanews.com,,https://i.pinimg.com/originals/90/61/4e/90614e197c44fdfa18f16894fd52b1eb.jpg,,
long black lace skirt Hot Sale - OFF 73%,,https://static1.squarespace.com/static/58c17ac1e58c62c4d3b19282/t/58f7cecf09e1c4bc3ca2c546/1492635343176/1000w/,,
alkotoegyetem.metropolitan.hu,,https://www.lawoffashionblog.com/wp-content/uploads/2016/02/black-lace-skirt.jpg,,
in.pinterest.com,,https://i.pinimg.com/736x/b1/a3/4d/b1a34d52324e1d8e7173257aa3609def.jpg,,
White Lace Skirt - Life with Emily,,http://lifewithemilyblog.com/wp-content/uploads/2015/05/topshopwhitelaceskirt-12.jpg,,
White Lace Skirt - Life with Emily,,http://lifewithemilyblog.com/wp-content/uploads/2015/05/topshopwhitelaceskirt-5.jpg,,
Plaid Pleated Skirt,,https://beisat.com/500784-large_default/plaid-pleated-skirt.jpg,,
Lace Pencil Skirt + Off The Shoulder Top | Just A Tina Bit,,https://justatinabit.com/wp-content/uploads/2016/04/justatinabit-lace-pencil-skirt-outfit-bell-sleeves-off-the-shoulder-top-spring-fashion-petite-fashion-blog-2.jpg,,
sydnestyle.com,,,,
19 Best Pencil Skirt Outfit Ideas,,http://www.stylecraze.com/wp-content/uploads/2018/05/18.-Pencil-Skirt-And-Tank-Top.jpg,,
Types of Skirts | Women's Personal Styling | Stitch Fix,,https://www.stitchfix.com/women/blog/wp-content/uploads/21-08-18_W_OF_V12_5614_2x3-scaled.jpeg,,
istockphoto.com,,https://media.istockphoto.com/id/507904690/photo/beautiful-woman-smiling.jpg?s=612x612&w=0&k=20&c=iFB5Ze3qPgs_4siQ5je99oL3Ym6vuju8TWH4ccWekO8=,,
"Carrislabelle brown plaid midi skirt, Women's Fashion, Bottoms ...",,https://media.karousell.com/media/photos/products/2023/3/15/carrislabelle_brown_plaid_midi_1678888968_d5274b86_progressive.jpg,,
www2.hm.com,,"https://lp.stories.com/app005prod?set=source[/6f/e6/6fe6b4bfa6f64c5bbbe34cbb1ea37fe5b7eef7b6.jpg],origin[dam],category[],type[LOOKBOOK],res[z],hmver[1],target[hm.com]&call=url[file:/product/main]",,
Vintage Tailored Pencil Skirt With Kick Pleats//tweed - Etsy,,https://i.etsystatic.com/7998496/r/il/e4ff24/3277509663/il_fullxfull.3277509663_mx2k.jpg,,
"Skirts Shoes ðŸ‘  I Honestly Find It Tricky To Pair Skirts, 50% OFF",,https://preview.redd.it/skirts-shoes-i-honestly-find-it-tricky-to-pair-skirts-with-v0-nj1700wa6wba1.jpg?width=640&crop=smart&auto=webp&s=540bfc3d711759e902dd4462cf5661f2c0e32d86,,
ebay.com.au,,https://i.ebayimg.com/images/g/3gwAAOSwim1kl~VO/s-l1200.webp,,
Pencil skirt or pleated skirt? : r/OUTFITS,,https://preview.redd.it/pencil-skirt-or-pleated-skirt-v0-7x0rlaiuo8g81.jpg?width=640&crop=smart&auto=webp&s=99c28b01edcd2baa6d0fa952de0954cf236b0e12,,
lecoledesfemmes.com,,https://lecoledesfemmes.com/cdn/shop/files/image_28db7d87-8bfc-406d-af3d-620f2822a01f_300x.jpg?v=1685722883,,
Grey Wool Pencil Skirt â€“ L'Ã©cole Des Femmes,,https://lecoledesfemmes.com/cdn/shop/files/image_fa126d65-c062-4f89-89b9-0f28023c201c_2400x.jpg?v=1685722883,,
pakmak.com,,https://i.pinimg.com/originals/b0/02/88/b00288a27ffc7df48a154c34cb6c9ca8.jpg,,
"Postpartum Pencil Skirt â€“ Skirt As Top, 51% OFF",,https://i.pinimg.com/originals/73/93/3d/73933dbd293f5b6bb8786c493dc4da2b.jpg,,
appu.com.uy,,https://di2ponv0v5otw.cloudfront.net/posts/2023/08/29/64ee8a54bd66cd12543bc514/m_64ee8a6817fb4b04969075a0.jpg,,
pinterest.com,,https://i.pinimg.com/736x/31/fd/ea/31fdea6fa28852b1fb76ad76e2e6d06a.jpg,,
pinterest.de,,https://i.pinimg.com/474x/7e/a7/4d/7ea74d2f19f0e7348506f21f9be974ee.jpg,,
"pencil skirt teacher outfit Online Sale, UP TO 63% OFF",,https://4.bp.blogspot.com/-1CI0IXSlaEY/U9HSQFEgqmI/AAAAAAAAKLY/xEQxFzCRWvU/s1600/IMG_4275.jpg,,
"Pin On Ideas, 51% OFF | leaderland.academy",,https://i.pinimg.com/originals/56/75/e3/5675e39c329a10eadfa9683345c90d1d.jpg,,
"Pin On Ideas, 51% OFF | leaderland.academy",,https://i.pinimg.com/236x/f0/f3/b6/f0f3b6560f752e429c869cc6d7333c39--you-do-it-you-are.jpg,,
iusarecords.com,,https://i.pinimg.com/474x/fe/e1/b4/fee1b4350995b652e307edb46ee27906.jpg,,
a4.metodika.com.mx,,https://ae01.alicdn.com/kf/HTB1sa7sSpXXXXavapXXq6xXFXXXd/Vintage-Pink-Women-Pencil-Skirt-2017-High-Waist-Summer-Women-Wrap-Skirt-Knee-length-Fashion.jpg,,
The Perpetual Student's Wife: pencil skirts | Pencil skirt outfits ...,,https://i.pinimg.com/736x/de/98/75/de98751fecbb938a57c7d6847cb666e9.jpg,,
Pink Pencil Skirt - 44 Professional and Sophisticated Office ...,,https://i.pinimg.com/564x/8c/a9/64/8ca964bb7c00e625633d4fa83dad942d.jpg,,
"Skirt with untucked shirt, What to wear with white skirts ...",,https://i.pinimg.com/originals/44/34/0a/44340ab9dc93a9a938aca601c8937d98.jpg,,
H&M - Grey Pencil Skirt on Designer Wardrobe,,https://designerwardrobe.co.nz/api/listing_image/3861869?response=redirect&width=800&height=800,,
