20 Style Tips On How To Wear Denim Mini Skirts – Egypt Eve,,https://www.en.egeve.com/wp-content/uploads/2016/08/miniskirtfall.jpg,,
Blue Denim Pencil Skirt Outfits (40 ideas & outfits) | Lookastic,,https://cdn.lookastic.com/looks/white-and-black-crew-neck-sweater-blue-pencil-skirt-black-pumps-large-27158.jpg,,
Blue Denim Pencil Skirt Outfits (40 ideas & outfits),,https://i.pinimg.com/474x/df/42/c8/df42c87d72c4959cd1aaec0e2c520cbd.jpg,,
Would you wear this skirt? I love denim skirts with ruffles : r/aiArt,,https://preview.redd.it/would-you-wear-this-skirt-i-love-denim-skirts-with-ruffles-v0-0fvas333pohb1.jpg?width=640&crop=smart&auto=webp&s=de0ebf77802915ee2b3cdd822517945aa1859259,,
High Waisted A-Line Flared Casual Denim Midi Jean Skirt | Allegra K,,https://www.allegra-k.com/cdn/shop/files/ux_a21112200ux0143_ux_g03_720x.jpg?v=1721198521,,
Above the Knee Denim Skirts – billytshop,,https://billytshop.com/cdn/shop/files/WL1424STOMMIEBLUE_65559_600x.jpg?v=1711999238,,
Plus Size Denim Skirts | Plus Size Skirt Outfits | Main Street ...,,https://mainstreetexchangeapparel.com/cdn/shop/files/24_chg_0029_1_1024x1024.jpg?v=1714147079,,
How I Turned A Knee-Length Denim Skirt A Head-Turner | MY SMALL ...,,https://blogger.googleusercontent.com/img/b/R29vZ2xl/AVvXsEgVx8SKwqX1je7tutIANuejfd3FIzAls69-J9RsaRPv55YEVfgJSgd0vTYR2t_XArMObZujvIjTuOLUUSsr6mwU91WtRa2yktCb3c8tHNSQO-Kb40HJgD8VVwKrZ7TEuTVMQzI4effq-TFf/s1600/What+to+wear+to+wine+tasting+7.png,,
Rainbow Flower Denim Skirt M – OMNIA,,http://www.omnia.shop/cdn/shop/products/File-Jun-28_-6-10-12-PM_800x.jpg?v=1658332479,,
How I Turned A Knee-Length Denim Skirt A Head-Turner | MY SMALL ...,,https://blogger.googleusercontent.com/img/b/R29vZ2xl/AVvXsEhBq-GxCFvynosJ4m2j1uc7ShPwq2U8XpjyIhxP9Efqgx8mlqzVAMOX6F7SqE6HWUsVQGcXIewtAPymnaXItmG4-bZWpfiQf1YhgI6koUs8TSEURWx4_FGSOY34o6YK8FxzyF6Hb9mIWr5E/s1600/Denim+skirt+street+style+.png,,
Corduroy skirt outfits shop summer,,https://images.squarespace-cdn.com/content/v1/551c15cae4b07646122e7048/1536043989604-PQHGHVU54OP4KT4TCH1G/Late%20summer%20outfit%20with%20striped%20linen%20tee%20and%20tan%20mini%20skirt%20%E2%80%94%20Cotton%20Cashmere%20Cat%20Hair,,
How to Wear a Corduroy Skirt,,https://i.pinimg.com/564x/8e/89/c9/8e89c9af873da6c99b2f1971cd4535db.jpg,,
"1960's Saffron High Waist Skirt, Boho 60s Mod Skirt, High Waisted ...",,https://i.etsystatic.com/8916145/r/il/8fea12/2925020890/il_570xN.2925020890_mqov.jpg,,
Pleated Mini Winter Skirt with Pockets in Light Brown ...,,https://cdn11.bigcommerce.com/s-3r9togf2eo/images/stencil/1280x1280/products/704/4581/sk-141-camel-01-pleated-mini-winter-skirt-with-pockets-in-light-brown__78841.1635888838.jpg?c=1,,
Malone Denim Stretchy High Waist Mini Skirt in Dark Washed (Lovet ...,,https://media.karousell.com/media/photos/products/2023/4/24/malone_denim_stretchy_high_wai_1682337405_e59fd5f5_progressive.jpg,,
Buy Freehand by The Indian Garage Co Denim Mini Pencil Skirt ...,,"https://assets.myntassets.com/w_412,q_60,dpr_2,fl_progressive/assets/images/23045514/2024/5/30/1b53cd06-ed6f-4752-808a-c0b15cc2d2cb1717049049445FreehandbyTheIndianGarageCoDenimMiniPencilSkirt1.jpg",,
Gestuz KIRA SHORT SKIRT - Denim skirt - light brown washed/mottled ...,,https://img01.ztat.net/article/spp-media-p1/e95038d2c64f49268fb72817c3a32a7b/2458af57769f4dc28589cfe9fb32cfe6.jpg?imwidth=762,,
Everything Precious Light Brown/Ivory Floral Denim Skirt - E1145LBR,,http://www.teeforthesoul.com/cdn/shop/files/DSC_3609.jpg?v=1713380880,,
Denim mini-skirt - Teen | MANGO OUTLET United Kingdom,,https://www.mangooutlet.com/assets/rcs/pics/static/T5/fotos/outfit/S/57040157_99-99999999_01.jpg?imwidth=2048&imdensity=1&ts=1678876728795,,
Brown Denim Micro Mini Skirt | New Look,,https://media2.newlookassets.com/i/newlook/891545527/womens/clothing/skirts/brown-denim-micro-mini-skirt.jpg?strip=true&qlt=50&w=720,,
"Home | Plaza Las Américas | San Juan, Puerto Rico",,https://www.aeropostale.com/dw/image/v2/BBSG_PRD/on/demandware.static/-/Sites-master-catalog-aeropostale/default/dwc0255b84/84115059_251_alt1.jpg,,
"Aéropostale High-Waisted 16"" Uniform Skirt | MainPlace Mall",,https://www.aeropostale.com/dw/image/v2/BBSG_PRD/on/demandware.static/-/Sites-master-catalog-aeropostale/default/dw71bda8ad/84115059_251_alt2.jpg,,
"Skirts: Mini, Midi & Denim Skirts | Aeropostale",,https://www.aeropostale.com/dw/image/v2/BBSG_PRD/on/demandware.static/-/Sites-master-catalog-aeropostale/default/dw5f704317/84114577_251_main.jpg?sw=478&sh=557&sm=fit&sfrm=jpg,,
Pin page,,https://i.pinimg.com/736x/33/6b/15/336b159c6b4a4589865699f7823fe711.jpg,,
Khaki Skirt Outfit Ideas,,https://i.pinimg.com/736x/21/a2/00/21a200e11c580c4c394dba3a5344547e.jpg,,
Khaki Skirt Outfit Ideas,,https://i.pinimg.com/564x/21/2f/55/212f55d9642397f13baaa9b260d02aad.jpg,,
Simplee Vintage Pink Corduroy Pencil Skirt Streetwear Fashion ...,,https://canary.contestimg.wish.com/api/webimage/599d559c5ba28a3947a605b1-large.jpg?cache_buster=70306b72fa9ec78ef684696a33afb571,,
Corduroy skirt sales outfit summer,,https://i.pinimg.com/originals/e2/85/54/e2855433c5e12539b332f89af722127b.jpg,,
Corduroy skirt on sale in summer,,https://www.jeansandateacup.com/wp-content/uploads/2018/10/White-Fall-Booties-Corduroy-Mini-Skirt-Sezane-Shirt-800x1200.jpg,,
MW Knee Length Corduroy Skirt in … curated on LTK,,https://product-images-cdn.liketoknow.it/4IV8G1mFt7DlI5TJaRmwzD2i.Rx666jzG6OrTx0G__1yOaYXDtA6YaL00Xz.XTh3PIQrmiknPQDPX58jjgaZ8ZsKFk2YXdLTytzVHF3gO3i1hZzTJ08lWzll.NehtSZi1rP0Kym0cXgXcVQxgTElXRf5_Nwy9SO1dBQMS7VYKtk_gwA._aVPfi7gwSk-?v=0&auto=format&fm=webp&w=450&q=80&dpr=2.625,,
Tan Skirt Outfit Winter 2024 | ekopolityka.pl,,https://i.pinimg.com/736x/6c/1c/8e/6c1c8eb886fab9b8d8e9ce4609f2d585.jpg,,
Corduroy skirt deals outfits summer,,https://www.wearandwhenblog.com/wp-content/uploads/2019/07/IMG-1298.jpg,,
"23 Best Corduroy skirt outfit ideas | corduroy skirt outfit, fall ...",,https://i.pinimg.com/474x/54/b5/31/54b531597fe37e812c76a433980d7d8b.jpg,,
Tan mini best sale skirt outfit,,https://justatinabit.com/wp-content/uploads/2018/10/justatinabit-blanknyc-double-buckle-suede-skirt-all-in-favor-front-drape-blouse-bow-flats-fall-fashion-seattle-fashion-blog-3-800x1100.jpg,,
Let's get lost in the light,,https://images.squarespace-cdn.com/content/v1/551c15cae4b07646122e7048/1499829182944-8C02J41FA35DW897DG9W/Simple+night+out+summer+outfit+with+blank+tank+and+tan+skirt+%E2%80%94+Cotton+Cashmere+Cat+Hair,,
Pencil Black Skirt With White Blouse Outfit,,https://i.pinimg.com/736x/ba/46/c3/ba46c3fbcfb9141fd55aa4ef41db70d2.jpg,,
Women High Waisted Warp Ruched Pencil Skirt Elegant Split Slit Hem ...,,https://katekasin.com/cdn/shop/files/01_-_1_1cc3c90f-1f6d-4d71-9df6-491e6598e218.jpg?v=1699003716,,
All black pencil skirt store outfit,,https://www.sydnestyle.com/wp-content/uploads/2021/04/Sydne-Style-shows-how-to-wear-a-pencil-skirt-with-a-white-button-down-shirt.jpg,,
Pencil Black | Skirts | HMETE – HMÉTÉ,,https://www.hmete.com/cdn/shop/products/hmete-pencil-black-skirt-stretch-wool-02_800x.jpg?v=1607269421,,
Black Pull On Stretch Pencil Skirt | Roman UK,,https://content.roman.co.uk/images/original/f4d01b8d-b497-405a-b3d8-0aa375b2f716.jpg,,
"Women's Comfort Stretch Pencil Skirt in Black Size 16 | White House Black 
Market",,https://www.whitehouseblackmarket.com/_assets/products/content/uue7ngdo2t/jpeg/WHBM_Classic%20Cmft%20Strch%20Pencil_570321409_BLK000001_OF_MAIN.jpeg?versionId=5dbaeaeb&imwidth=1200&quality=80,,
patent leather skirt guns and roses shirt leather jacket heels ...,,https://i.pinimg.com/736x/25/ee/d3/25eed3ff54ae90649aa1791777dc8d28.jpg,,
"7 Like ideas | red leather skirt, how to wear, red skirts",,https://i.pinimg.com/236x/ae/59/38/ae5938b19d906ddfbe2548973e33251a.jpg,,
Faux Leather Skirt Styling Tips - One to Nothin',,https://www.onetonothin.com/wp-content/uploads/2020/08/leatherskirt7.jpg,,
Leather Mini Skirts,,https://i.pinimg.com/474x/20/2b/32/202b321d140b0f30f611e23452b629fa.jpg,,
Maylee Leather Mini Skirt – Chic The Boutique,,https://chictheboutique.com/cdn/shop/files/oct242023-3492_1080x.jpg?v=1699038839,,
Black Leather Mini Skirt – La Vida Bohemia,,https://lavidabohemia.com/cdn/shop/files/BLACK-LEATHER-MINI-SKIRT-SK8445_3.jpg?v=1727521265&width=1445,,
Leather mini skirt – Machine Jean,,https://machinejeans.com/cdn/shop/products/Leatherminiskirt_c_2.jpg?v=1666360062&width=320,,
