Jenia Gallery 775 - Crush Feet - 15 Photos,,https://www3.ffetish.photos/uploads/posts/2018-11/jenia-gallery-775-crush-feet-jenia-000775-10-image-3.jpg,,
Jenia Gallery 776 - Crush Feet - 15 Photos,,https://www3.ffetish.photos/uploads/posts/2018-11/jenia-gallery-776-crush-feet-jenia-000776-13-image-1.jpg,,
Dana Gallery 573 - Crush Feet - 22 Photos,,https://www3.ffetish.photos/uploads/posts/2018-11/dana-gallery-573-crush-feet-dana-000573-16-image-1.jpg,,
Lexy Gallery 267 - Crush Feet - 15 Photos,,https://www3.ffetish.photos/uploads/posts/2018-11/lexy-gallery-267-crush-feet-lexy-000267-12-image-1.jpg,,
Yasemine Gallery 504 - Crush Feet - 15 Photos,,https://www3.ffetish.photos/uploads/posts/2018-11/yasemine-gallery-504-crush-feet-yasemine-000504-14-image-1.jpg,,
Lia Gallery 607 - Crush Feet - 15 Photos,,https://www3.ffetish.photos/uploads/posts/2018-11/lia-gallery-607-crush-feet-lia-000607-11-image-1.jpg,,
Katrin Gallery 888 - Crush Feet - 20 Photos,,https://www3.ffetish.photos/uploads/posts/2018-11/katrin-gallery-888-crush-feet-katrin-000888-17-image-1.jpg,,
Malu Gallery 1178 - Crush Feet - 15 Photos,,https://www3.ffetish.photos/uploads/posts/2018-11/malu-gallery-1178-crush-feet-malu-001178-02-image-2.jpg,,
Malu Gallery 1178 - Crush Feet - 15 Photos,,https://www3.ffetish.photos/uploads/posts/2018-11/malu-gallery-1178-crush-feet-malu-001178-08-image-3.jpg,,
CRUSHFEET.COM :: Giantess Fetish Girls are stepping on your face ...,,https://www.crushfeet.com/images/previews/Natasha-000824-11s.jpg,,
Jacky J. Gallery 1138 - Crush Feet - 15 Photos,,https://www3.ffetish.photos/uploads/posts/2018-11/jacky-j_-gallery-1138-crush-feet-jacky-j_-001138-09-image-1.jpg,,
Jacky J. Gallery 1138 - Crush Feet - 15 Photos,,https://www3.ffetish.photos/uploads/posts/2018-11/jacky-j_-gallery-1138-crush-feet-jacky-j_-001138-02-image-2.jpg,,
Jacky J. Gallery 1135 - Crush Feet - 15 Photos,,https://www3.ffetish.photos/uploads/posts/2018-11/jacky-j_-gallery-1135-crush-feet-jacky-j_-001135-04-image-2.jpg,,
Jacky J. Gallery 1137 - Crush Feet - 15 Photos,,https://www3.ffetish.photos/uploads/posts/2018-11/jacky-j_-gallery-1137-crush-feet-jacky-j_-001137-14-image-1.jpg,,
Leonie Gallery 604 - Crush Feet - 10 Photos,,https://www3.ffetish.photos/uploads/posts/2018-11/leonie-gallery-604-crush-feet-leonie-000604-03-image-1.jpg,,
Jean Gallery 1143 - Crush Feet - 21 Photos,,https://www3.ffetish.photos/uploads/posts/2018-11/jean-gallery-1143-crush-feet-jean-001143-01-image-2.jpg,,
Jana H. Gallery 1212 - Crush Feet - 15 Photos,,https://www3.ffetish.photos/uploads/posts/2018-11/jana-h_-gallery-1212-crush-feet-jana-h_-001212-07-image-2.jpg,,
Jana H. Gallery 1212 - Crush Feet - 15 Photos,,https://www3.ffetish.photos/uploads/posts/2018-11/jana-h_-gallery-1212-crush-feet-jana-h_-001212-09-image-3.jpg,,
Lilu Gallery 273 - Crush Feet - 22 Photos,,https://www3.ffetish.photos/uploads/posts/2018-11/lilu-gallery-273-crush-feet-lilu-000273-20-image-3.jpg,,
Lilu Gallery 272 - Crush Feet - 15 Photos,,https://www3.ffetish.photos/uploads/posts/2018-11/lilu-gallery-272-crush-feet-lilu-000272-09-image-2.jpg,,
Lilu Gallery 272 - Crush Feet - 15 Photos,,https://www3.ffetish.photos/uploads/posts/2018-11/lilu-gallery-272-crush-feet-lilu-000272-14-image-3.jpg,,
Lilu Gallery 270 - Crush Feet - 15 Photos,,https://www3.ffetish.photos/uploads/posts/2018-11/lilu-gallery-270-crush-feet-lilu-000270-05-image-1.jpg,,
Nita Gallery 909 - Crush Feet - 23 Photos,,https://www3.ffetish.photos/uploads/posts/2018-11/nita-gallery-909-crush-feet-nita-000909-07-image-3.jpg,,
Vanessa M Gallery 1126 - Crush Feet - 15 Photos,,https://www3.ffetish.photos/uploads/posts/2018-11/vanessa-m-gallery-1126-crush-feet-vanessa-m-001126-06-image-3.jpg,,
Vanessa M Clip 272-1 - Crush Feet - HD/WMV,,https://ffetish.video/uploads/posts/2018-11/vanessa-m-set-272-1-crush-feet-image-1.jpg,,
Vanessa M Clip 272-2 - Crush Feet - HD/WMV,,https://ffetish.video/uploads/posts/2018-11/vanessa-m-set-272-2-crush-feet-image-1.jpg,,
Vanessa M Clip 272-1 - Crush Feet - HD/WMV,,https://ffetish.video/uploads/posts/2018-11/vanessa-m-set-272-1-crush-feet-image-3.jpg,,
Nita Gallery 909 - Crush Feet - 23 Photos,,https://www3.ffetish.photos/uploads/posts/2018-11/nita-gallery-909-crush-feet-nita-000909-14-image-1.jpg,,
Nita Gallery 828 - Crush Feet - 20 Photos,,https://www3.ffetish.photos/uploads/posts/2018-11/nita-gallery-906-crush-feet-nita-000906-08-image-1.jpg,,
Laylajane Gallery 709 - Crush Feet - 15 Photos,,https://www3.ffetish.photos/uploads/posts/2018-11/laylajane-gallery-709-crush-feet-laylajane-000709-07-image-1.jpg,,
Yvonne Gallery 655 - Crush Feet - 24 Photos,,https://www3.ffetish.photos/uploads/posts/2018-11/yvonne-gallery-655-crush-feet-yvonne-000655-05-image-1.jpg,,
Natasha Gallery 821 - Crush Feet - 15 Photos,,https://www3.ffetish.photos/uploads/posts/2018-11/natasha-gallery-821-crush-feet-natasha-000821-11-image-2.jpg,,
Mara Gallery 1230 - Crush Feet - 15 Photos,,https://www3.ffetish.photos/uploads/posts/2018-11/mara-gallery-1230-crush-feet-mara-001230-14-image-3.jpg,,
Leana Clip 262-2 - Crush Feet - HD/WMV,,https://ffetish.video/uploads/posts/2018-11/leana-set-262-2-crush-feet-image-1.jpg,,
Upskirt Sophie Dancing In A Short Tight Floral Dress - Hannah's ...,,https://imagecdn.clips4sale.com/accounts99/145619/clip_images/rect_ex_lrg_27530897.jpg,,
Sophie Upskirt Dancing Porn Video,,https://smutr.com/contents/videos_screenshots/748000/748381/preview.jpg,,
Sophie's Upskirt Dancing In A Turquoise Dress - Hannah's Boutique ...,,https://imagecdn.clips4sale.com/accounts99/145619/clip_images/previewlg_28614111.jpg,,
Sophie Upskirt Dancing - Hannah's Boutique | Clips4sale.com,,https://imagecdn.clips4sale.com/accounts99/145619/clip_images/rect_ex_lrg_26670625.jpg,,
Sophie's Upskirt Dance In A Leopard Print Skirt - Hannah's ...,,https://imagecdn.clips4sale.com/accounts99/145619/clip_images/rect_ex_lrg_28551921.jpg,,
Sophie's Upskirt Dance In A Leopard Print Skirt - Hannah's ...,,https://imagecdn.clips4sale.com/accounts99/145619/clip_images/rect_ex_lrg_28075963.jpg,,
Upskirt Amber : r/upskirtspics,,https://external-preview.redd.it/rB8FZ2X_XGhltLbCBrQpLZw0QNO4f4A1L3UCjYtfAt8.jpg?auto=webp&s=83e851f251b8a7b590c911eda0d77925f20518fe,,
Danielle Upskirt Head Trample POV - Danielle's Boutique ...,,https://imagecdn.clips4sale.com/accounts99/200125/clip_images/rect_ex_lrg_28380131.jpg,,
POV Upskirt Trample Danielle Boots & Shoes Porn Video,,https://imagecdn.clips4sale.com/accounts99/200125/clip_images/previewlg_27952183.jpg,,
Danielle Upskirt Head Trample POV - Danielle's Boutique ...,,https://imagecdn.clips4sale.com/accounts99/145619/clip_images/rect_ex_lrg_25963471.jpg,,
Danielle Upskirt Head Trample POV - Danielle's Boutique ...,,https://imagecdn.clips4sale.com/accounts99/200125/clip_images/rect_ex_lrg_27983085.jpg,,
POV Trampling In White High Heel Boots & Mini Skirt Upskirt ...,,https://imagecdn.clips4sale.com/accounts99/145619/clip_images/rect_ex_lrg_26796677.jpg,,
Upskirt POV Trample In A Short Tight Floral Dress - Hannah's ...,,https://imagecdn.clips4sale.com/accounts99/145619/clip_images/previewlg_28060943.jpg,,
Upskirt POV Trample In A Short Tight Floral Dress - Hannah's ...,,https://imagecdn.clips4sale.com/accounts99/145619/clip_images/rect_ex_lrg_25645523.jpg,,
Upskirt POV Trample In A Short Tight Floral Dress - Hannah's ...,,https://imagecdn.clips4sale.com/accounts99/145619/clip_images/rect_ex_lrg_25960879.jpg,,
POV Trampling In White High Heel Boots & Mini Skirt Upskirt ...,,https://imagecdn.clips4sale.com/accounts99/145619/clip_images/rect_ex_lrg_26734365.jpg,,
POV Trampling In White High Heel Boots & Mini Skirt Upskirt ...,,https://imagecdn.clips4sale.com/accounts99/145619/clip_images/previewlg_26796677.jpg,,
View topic - Giantess Updates,,https://imagecdn.clips4sale.com/accounts99/30998/clip_images/Ggiantegss%20POVsm%20foto.gif,,
Ballet Flats PornAnswer Videos on PornAnswer.com,,https://di.phncdn.com/videos/202001/15/276891401/original/(m=eaf8Ggaaaa)(mh=4b7DS14Vr_RJ-xPm)14.jpg,,
"Watch Flats Shoeplay Xxx Videos, Mobile Flats Shoeplay Xxx Tubes",,https://ei.phncdn.com/videos/202211/07/419047101/original/(m=eaf8GgaaaWavb)(mh=N9PIEhIk12BiibRh)13.jpg,,
Giantess luna schoolgirl,,https://footstockings.com/contents/videos_screenshots/16000/16434/180x135/4.jpg,,
Giantess luna schoolgirl,,https://footstockings.com/contents/videos_screenshots/16000/16434/preview.jpg,,
fairporn.net,,https://fairporn.net/contents/videos_screenshots/8000/8619/320x180/3.jpg,,
The best and newest Giantess porn videos | Meta Porn,,https://c1.ttcache.com/thumbnail/qN4PWVgMm6m/288x162/previewlg_28213819.jpg,,
Tiny Fetish Fun - Giantess Lottie R Smashing Tiny Cars | Femdom POV,,https://femdom-pov.me/wp-content/uploads/Tiny-Fetish-Fun-Giantess-Lottie-R-Smashing-Tiny-Cars.mp4.0000.jpg,,
Tiny Fetish Fun – Giantess Lottie R Smashing Tiny Cars (MP4 ...,,https://pornovideoshub.com/wp-content/uploads/2023/05/Tiny-Fetish-Fun-Giantess-Lottie-R-Smashing-Tiny-Cars-00010.jpg,,
GODDESS. HEEL HIGH HEAL GIANTESS | xHamster,,https://thumb-lvlt.xhcdn.com/a/8tlWfXl0516Jwd868xl07Q/015/406/532/320x320.50.31.webp,,
GODDESS. HEEL HIGH HEAL GIANTESS | xHamster,,https://thumb-lvlt.xhcdn.com/a/KAKd79Slx9erf2-wG5-oxQ/015/406/532/2560x1440.8.webp,,
Free Asian Giantess Porn Videos (76) - Tubesafari.com,,https://ei.phncdn.com/videos/202104/02/386028381/original/(m=eaf8GgaaaWavb)(mh=xdOX7iMHkPnmcgJE)11.jpg,,
Giantess asian - Los mejores resultados de búsqueda,,https://img.o-be.com/tmb/29/17/21246665/240x180-10.jpg,,
"Giantess vore, japanese massage - porno video N20579642 @ XXX Vogue",,http://img.xxxvogue.net/tmb/fc/f5/20579642/240x180-3.jpg,,
"SHRINKING MY NAUGHTY STUDENT (giantess, Vore, Teacher, Femdom Pov ...",,https://ei.phncdn.com/videos/201908/16/242004371/original/(m=eaAaGwObaaaa)(mh=wX-yoijB3M1tiDsq)12.jpg,,
Skinny Teen White Panties Upskirt from SkinnyGirlNude.com,,http://www.skinnygirlnude.com/picpost/thmbs/298434_8291-8291-skinny-teen-white-panties-upskirt.jpg,,
Women upskirt white panties . Hot porno. Comments: 1,,http://www.xnetnlpic.com/image/women-upskirt-white-panties-2.jpg,,
Busty beauty Nikki Sims sheds her denim skirt to tease in thong ...,,https://cdni.pornpics.com/1280/1/172/15896655/15896655_002_504f.jpg,,
Busty Beauty Nikki Sims Sheds Her Denim Skirt To Tease In | Free ...,,https://cdn.pornpics.com/pics1/2017-11-24/484058_04big.jpg,,
French Girls Feet - Humiliated Shrunk and Crushed under Hannas Feet,,https://femdomss.com/wp-content/uploads/2016/02/humiliated_shrunk_and_crushed_under_hannas_feet.mp4_snapshot_05.19_2016.02.15_00.05.13.jpg,,
"poppy - Nov 11, 2020 - All Fetish Forums - The community for soft ...",,https://www.ukupskirts.com/preview/16550/big2.jpg,,
allfetishforums.com,,https://tinyfetishfun.com/preview/19419/big3.jpg,,
allfetishforums.com,,https://i.imgur.com/qEBfnwX.gif,,
ru.spankbang.com,,https://tbi.sb-cd.com/t/13175432/1/3/w:300/t5-enh/sahrye-ass.jpg,,
spankbang.com,,https://tbi.sb-cd.com/t/13175432/1/3/w:500/t6-enh/sahrye-ass.jpg,,
jp.spankbang.com,,https://tbi.sb-cd.com/t/13175432/1/3/w:300/t3-enh/sahrye-ass.jpg,,
pornone.com,,https://th-eu4.pornone.com/t/93/277714993/b61.jpg,,
m.tnaflix.com,,https://img.tnastatic.com/a16:8q80w500r/109/76/13/7613731/thumbs/10.jpg,,
Nylon Feet Line Elvira Female Co-Worker Pleasing Her Pussy And ...,,https://goodsexporn.org/media/galleries/5510c64281aef/20.jpg,,
Nylon Feet Line Elvira Female Co-Worker Pleasing Her Pussy And ...,,https://goodsexporn.org/media/galleries/5510c64281aef/4.jpg,,
Elvira | Nylon Feet Line,,http://www.tenmilliongalleries.com/thumbs/nfl/pictures/5371/tn_002_450v.jpg,,
Elvira D - Nylon Feet Line - 60 Photos,,https://www3.ffetish.photos/uploads/posts/2018-01/-nylonfeetline_g5371_020-image-1.jpg,,
Aline J. Gallery 1411 - Crush Feet - 20 Photos,,https://www3.ffetish.photos/uploads/posts/2018-11/aline-j_-gallery-1411-crush-feet-aline-j_-001411-12-image-1.jpg,,
Leana Clip 262-1 - Crush Feet - HD/WMV,,https://ffetish.video/uploads/posts/2018-11/leana-set-262-1-crush-feet-image-1.jpg,,
Mara Gallery 1230 - Crush Feet - 15 Photos,,https://www3.ffetish.photos/uploads/posts/2018-11/mara-gallery-1230-crush-feet-mara-001230-09-image-1.jpg,,
Mara Gallery 1233 - Crush Feet - 15 Photos,,https://www3.ffetish.photos/uploads/posts/2018-11/mara-gallery-1233-crush-feet-mara-001233-15-image-1.jpg,,
Leana Gallery 1157 - Crush Feet - 15 Photos,,https://www3.ffetish.photos/uploads/posts/2018-11/leana-gallery-1157-crush-feet-leana-001157-04-image-3.jpg,,
Sabrina Gallery 724 - Crush Feet - 18 Photos,,https://www3.ffetish.photos/uploads/posts/2018-11/sabrina-gallery-724-crush-feet-sabrina-000724-09-image-3.jpg,,
Leana Gallery 1156 - Crush Feet - 15 Photos,,https://www3.ffetish.photos/uploads/posts/2018-11/leana-gallery-1156-crush-feet-leana-001156-10-image-1.jpg,,
Jacky J. Gallery 1139 - Crush Feet - 13 Photos,,https://www3.ffetish.photos/uploads/posts/2018-11/jacky-j_-gallery-1139-crush-feet-jacky-j_-001139-06-image-1.jpg,,
Mercedes Gallery 1196 - Crush Feet - 20 Photos,,https://www3.ffetish.photos/uploads/posts/2018-11/mercedes-gallery-1196-crush-feet-mercedes-001196-01-image-2.jpg,,
Ebony Gallery 736 - Crush Feet - 15 Photos,,https://www3.ffetish.photos/uploads/posts/2018-11/ebony-gallery-736-crush-feet-ebony-000736-15-image-1.jpg,,
Malu Gallery 1177 - Crush Feet - 15 Photos,,https://www3.ffetish.photos/uploads/posts/2018-11/malu-gallery-1177-crush-feet-malu-001177-09-image-1.jpg,,
Malu Gallery 1176 - Crush Feet - 15 Photos,,https://www3.ffetish.photos/uploads/posts/2018-11/malu-gallery-1176-crush-feet-malu-001176-15-image-1.jpg,,
Nicolen Gallery 719 - Crush Feet - 23 Photos,,https://www3.ffetish.photos/uploads/posts/2018-11/nicolen-gallery-719-crush-feet-nicolen-000719-03-image-1.jpg,,
Nicolen Gallery 719 - Crush Feet - 23 Photos,,https://www3.ffetish.photos/uploads/posts/2018-11/nicolen-gallery-719-crush-feet-nicolen-000719-11-image-3.jpg,,
Angi Gallery 762 - Crush Feet - 15 Photos,,https://www3.ffetish.photos/uploads/posts/2018-11/angi-gallery-762-crush-feet-angi-000762-02-image-3.jpg,,
Josephine Gallery 1490 - Crush Feet - 15 Photos,,https://www3.ffetish.photos/uploads/posts/2018-11/josephine-gallery-1490-crush-feet-josephine-001490-10-image-1.jpg,,
Jana H. Gallery 1210 - Crush Feet - 15 Photos,,https://www3.ffetish.photos/uploads/posts/2018-11/jana-h_-gallery-1210-crush-feet-jana-h_-001210-06-image-3.jpg,,
Jana H. Gallery 1210 - Crush Feet - 15 Photos,,https://www3.ffetish.photos/uploads/posts/2018-11/jana-h_-gallery-1210-crush-feet-jana-h_-001210-14-image-2.jpg,,
Jana H. Gallery 1212 - Crush Feet - 15 Photos,,https://www3.ffetish.photos/uploads/posts/2018-11/jana-h_-gallery-1212-crush-feet-jana-h_-001212-06-image-1.jpg,,
Katrin Gallery 888 - Crush Feet - 20 Photos,,https://www3.ffetish.photos/uploads/posts/2018-11/katrin-gallery-888-crush-feet-katrin-000888-11-image-2.jpg,,
Jean Gallery 1142 - Crush Feet - 15 Photos,,https://www3.ffetish.photos/uploads/posts/2018-11/jean-gallery-1142-crush-feet-jean-001142-09-image-3.jpg,,
Jean Gallery 1142 - Crush Feet - 15 Photos,,https://www3.ffetish.photos/uploads/posts/2018-11/jean-gallery-1142-crush-feet-jean-001142-03-image-1.jpg,,
Dominique Gallery 881 - Crush Feet - 15 Photos,,https://www3.ffetish.photos/uploads/posts/2018-11/dominique-gallery-881-crush-feet-dominique-000881-15-image-1.jpg,,
Jana H. Gallery 1210 - Crush Feet - 15 Photos,,https://www3.ffetish.photos/uploads/posts/2018-11/jana-h_-gallery-1210-crush-feet-jana-h_-001210-12-image-1.jpg,,
Jana H. Gallery 1211 - Crush Feet - 15 Photos,,https://www3.ffetish.photos/uploads/posts/2018-11/jana-h_-gallery-1211-crush-feet-jana-h_-001211-14-image-3.jpg,,
Cleo Gallery 520 - Crush Feet - 15 Photos,,https://www3.ffetish.photos/uploads/posts/2018-11/cleo-gallery-520-crush-feet-cleo-000520-05-image-1.jpg,,
Cleo Gallery 520 - Crush Feet - 15 Photos,,https://www3.ffetish.photos/uploads/posts/2018-11/cleo-gallery-520-crush-feet-cleo-000520-11-image-2.jpg,,
Jana H. Gallery 1209 - Crush Feet - 15 Photos,,https://www3.ffetish.photos/uploads/posts/2018-11/jana-h_-gallery-1209-crush-feet-jana-h_-001209-11-image-1.jpg,,
xxxgirlssearch.com,,http://www.sweetxxxworld.com/en/image/milf-upskirt-pov-8.jpg,,
Giantess Porn Videos. Page 12,,https://p4.bigporn.com/bigporn/thumbs/ZPm/44147923_2.jpg,,
"Watch Giantess Shrink XXX Videos, Mobile Giantess Shrink XXX Tubes",,https://ei.phncdn.com/videos/202004/19/305451081/original/(m=eaf8Ggaaaa)(mh=xydcIuoR_LUkk1vC)11.jpg,,
Giantess Shrink Bullys And Crush/Vore Them (FULL VIDEO) (SFX) - FAPCAT,,https://t.fapcat.com/contents/videos_screenshots/92000/92120/320x180/4.jpg,,
"Giantess vore, Riesin Jessica Davenport | video clip N21262939",,https://img.jzzo.com/tmb/02/db/21257449/240x180-2.jpg,,
Giantess vore | Mature Moms TV,,http://s2.maturemoms.tv/mstrbga/6/11398/36429701.jpg,,
Giantess granny vore | Mature Moms TV,,http://s1.maturemoms.tv/mstrbga/6/11978/89894889.jpg,,
View topic - TFF1143 - Amber Jayne is our POV Giantess - 4K UHD MP4,,http://tinyfetishfun.com/preview/15435/big1.jpg,,
glamose.com,,https://cdn.glamose.com/updates/230980.webp,,
"Hannah Shaw - May 13, 2023 - All Fetish Forums - The community for ...",,https://i.postimg.cc/fyJzrWpc/280623-UKU-Hannah-Shaw-1080-20221013143308.jpg,,
Brunette Giantess Lauren Louise Finds Yet Another Group Of Tiny ...,,https://hdxporntube.com/thumbnail/ILvAtCCjn626qzuVqw/w320h240/0.jpeg,,
TINY FETISH FUN / EUROPEAN GIANTESS] Kate Star Cannot Believe ...,,https://bestfemaledomination.com/wp-content/uploads/2023/03/tinfefu287c.jpg,,
Tiny Fetish Fun - Redhead Giantess Kate Star Is In Her Kitchen,,https://www.xmegadrive.com/contents/videos_sources/160000/160579/screenshots/2.jpg,,
yespornplease.fun,,https://thumbs1.yespornplease.fun/2022/10/5/0/giantess-tiny-man/thumb-main.0.jpg,,
allfetishforums.com,,http://tinyfetishfun.com/preview/14613/big1.jpg,,
clips4sale.com,,https://imagecdn.clips4sale.com/accounts99/6528/clip_images/InvincibletogettingCrushed.gif,,
allfetishforums.com,,http://tinyfetishfun.com/preview/14613/big3.jpg,,
Bonnie - young sadistic giantess (POV) - UNDER SWEET WEIGHT ...,,https://imagecdn.clips4sale.com/accounts99/87970/clip_images/previewlg_13891273.jpg,,
legs-short-mini-skirt | Clips4sale,,https://imagecdn.clips4sale.com/accounts99/69351/clip_images/generated_17512796.gif,,
Karisma mini skirt ASS POV- MP4 - Amateur soles giantess and ...,,https://imagecdn.clips4sale.com/accounts99/6499/clip_images/rect_ex_lrg_25369535.jpg,,
Under giantess feet pov XXX Mobile porn videos and Sex movies ...,,https://cdn.16honeys.com/videos/thumbs169l/51/47/39/514739dbf63d54d8fdf8d0225aa0c7b6/514739dbf63d54d8fdf8d0225aa0c7b6.1.jpg,,
Giantess Sexy Feet - XVIDEOS.COM,,https://cdn77-pic.xvideos-cdn.com/videos/thumbs169ll/51/47/39/514739dbf63d54d8fdf8d0225aa0c7b6/514739dbf63d54d8fdf8d0225aa0c7b6.16.jpg,,
Giantess crushes special Very HOT XXX photos.,,http://www.adultsxxxenjoy.com/str/image/ddf413ebf3e1c3d16fad8aad38ed9cbd.gif,,
Sadistic Giantess Crushes Tiny Perv - Fun Aussie Couple ...,,https://imagecdn.clips4sale.com/accounts99/151645/clip_images/rect_ex_lrg_24999989.jpg,,
Sadistic Giantess Crushes Tiny Perv (Trailer) - BigAssex,,https://www.bigassex.com/contents/videos_screenshots/31000/31281/320x180/12.jpg,,
Sadistic Giantess Crushes Tiny Perv (Trailer) - BigAssex,,https://www.bigassex.com/contents/videos_screenshots/31000/31281/320x180/8.jpg,,
TW Pornstars - Goddess Mercy Video. Twitter. Another vid sold ...,,https://pbs.twimg.com/ext_tw_video_thumb/1530270911231889418/pu/img/HBvAYTefb93N6vMP.jpg:small,,
"MARVEL BLACK WIDOW"" has become a wicked sadistic giantess! but ...",,https://cdn77-pic.others-cdn.com/videos/thumbslll/76/3e/ef/763eef11e57df78a9a803de343967a1e/763eef11e57df78a9a803de343967a1e.16.jpg,,
"MARVEL BLACK WIDOW"" has become a wicked sadistic giantess! but ...",,https://di1-ph.ypncdn.com/videos/202102/10/383342872/original/(m=eaSaaTbWx)(mh=Lnr44XRrAacyTe96)8.jpg,,
"""MARVEL BLACK WIDOW"" has become a wicked sadistic giantess! but what does 
it do?",,https://cdn.iporntv.net/videos/thumbs169lll/76/3e/ef/763eef11e57df78a9a803de343967a1e/763eef11e57df78a9a803de343967a1e.12.jpg,,
Upskirt of a hot pregnant woman - Voyeurs HD,,https://www.voyeurshd.com/images/videos/0891/16937/main.jpg,,
Giving an Upskirt with No Panties on at Work - Freakden,,https://www.freakden.com/wp-content/uploads/2016/04/we-play-hard-and-love-harder-roleplay-i-love-when-she-gets-naughty-and-1460859357c8p4l-700x933.jpg,,
Upskirt is the Best Skirt | Scrolller,,https://yocto.scrolller.com/f-ancy-some-at-work-upskirt-8rq8bsvwal.jpg,,
GIANTESS KATELYN | Video Production Screenshots,,https://giantesskatelyn.com/blog/wp-content/plugins/justified-image-grid/timthumb.php?src=https%3A%2F%2Fgiantesskatelyn.com%2Fblog%2Fwp-content%2Fssp%2Falbum-122%2FMG_38.jpg&h=460&w=716&q=80&a=t&f=.jpg,,
GIANTESS KATELYN | Video Production Screenshots,,https://giantesskatelyn.com/blog/wp-content/plugins/justified-image-grid/timthumb.php?src=https%3A%2F%2Fgiantesskatelyn.com%2Fblog%2Fwp-content%2Fgallery%2Fgiantess-katelyns-video-screenshots-from-2022%2Fgiantess-katelyns-video-screenshots-from-2022-001.jpg&h=460&w=692&q=80&a=t&f=.jpg,,
giantesskatelyn.tumblr.com - Tumbex,,https://64.media.tumblr.com/37d62c04da3cf3a3a50e832f964c5250/tumblr_myayd8x8ZH1rpagy5o4_400.jpg,,
The Giantess Store - Upskirt before Work starring Giantess Katelyn,,https://www.giantesskatelyn.com/downloads/videostills/UpskirtBeforeWork-2-GiantessKatelyn.jpg,,
The Giantess Store - Upskirt before Work starring Giantess Katelyn,,https://giantesskatelyn.com/store/images/products/UpskirtbeforeWork.gif,,
The Giantess Store - Upskirt before Work starring Giantess Katelyn,,https://www.giantesskatelyn.com/downloads/videostills/UpskirtBeforeWork-1-GiantessKatelyn.jpg,,
Giantess-crush Porn - Fap18 HD Tube - Porn videos,,https://evocdn.net/hb/fap18.net/b56b/f2ac/93f8/131e/50d8/7752/871b/162d/1.jpg,,
Recruitment under Sexy Feet [giantess Animation Teaser] - Pornhub.com,,https://ei.phncdn.com/videos/202305/16/431664701/thumbs_3/(m=eaSaaTbaAaaaa)(mh=A5FUf1ndn2WzOw2H)12.jpg,,
Giantess-7 - Pornhub.com,,https://ei.phncdn.com/videos/201511/26/62466981/original/(m=eGIwGgaaaa)(mh=ZonUG-Dl0vpmYDGi)7.jpg,,
Giantess-7 - Pornhub.com,,https://ei.phncdn.com/videos/201511/26/62466981/original/(m=eaSaaTbaAaaaa)(mh=GXY4yGIO1ysBYMmc)14.jpg,,
Pieds Géants | Fétichisme - Pornhub.com,,https://ei.phncdn.com/videos/202112/20/399951711/original/(m=eafTGgaaaa)(mh=SSkGAIg2RVGxk25I)7.jpg,,
Sadistic Asian Giantess Compilation,,https://ei.phncdn.com/videos/202109/21/395061261/thumbs_20/(m=eaSaaTbaAaaaa)(mh=4B-UsHNwLb11NAJB)4.jpg,,
Worship My Perfect Feet In Stockings And Heels (trailer) - xxx ...,,https://cdn-img2.iporntv.net/videos/202010/14/360602252/original/(m=e0YHGgaaaa)(mh=5IIA6jcd9qd7MZMG)4.jpg,,
Worship My Perfect Feet In Stockings And Heels (trailer) - xxx ...,,https://cdn-img2.iporntv.net/videos/202010/14/360602252/original/(m=eaAaGwObaaaa)(mh=3ifB5JXRXfyk-mLp)2.jpg,,
TW Pornstars - 1 pic. Goddess Mercy. Twitter. This is where you ...,,https://pbs.twimg.com/media/E2XzUEfUYAACQWA.jpg:large,,
FunAussieCouple - Sadistic Giantess Crushes Tiny Perv - ManyVids,,https://ods.manyvids.com/1003446430/o1f28rpgako3tk7pd643senmjb/screenshots/custom_1_360_6066df2235637.jpg,,
Sadistic Giantess Crushes Tiny Perv (Trailer) - BigAssex,,https://www.bigassex.com/contents/videos_screenshots/31000/31281/320x180/2.jpg,,
Sadistic Giantess Crushes Tiny Perv (Trailer) - BigAssex,,https://www.bigassex.com/contents/videos_screenshots/31000/31281/320x180/5.jpg,,
Sadistic Giantess Crushes Tiny Perv (trailer) - xxx Mobile Porno ...,,https://cdn-img2.iporntv.net/videos/202104/02/386028381/original/(m=eaAaGwObaaaa)(mh=DqOAcSY7UxA9ShK4)11.jpg,,
Slut Gets Fingered Under Her Skirt | porn film N5513637,,http://img.qoqh.com/tmb/c3/02/5513637/240x180-14.jpg,,
Tiny Men Crushed Underfoot Slow Motion Giantess - Pornhub.com,,https://ei.phncdn.com/videos/201905/13/223343711/thumbs_25/(m=eGcEGgaaaa)(mh=aRRX98_cDvXNe5EI)7.jpg,,
XXX Tiny Men Crushed Underfoot Slow Motion Giantess mega Videos,,https://www.coolsexnew.com/images/60217173-giantess-sweeps-in-combat-boots.jpg,,
Tiny Men Crushed Underfoot Slow Motion Giantess | free xxx mobile ...,,https://cdn.16honeys.com/videos/thumbsl/23/7f/1a/237f1a45708e2bdf5f4c619cf2a1bf99/237f1a45708e2bdf5f4c619cf2a1bf99.3.jpg,,
"Japanese Shrort Skirt Free Videos - Watch, Download and Enjoy ...",,http://pict2.nesaporn.com/imgt/a/z/l/m/y/5222_kpg_018-4_tmb.jpg,,
Fly-skirt Porn - BeFuck.Net: Free Fucking Videos & Fuck Movies on ...,,https://evocdn.net/h/befuck.net/6f52/057b/54b4/4598/1203/edbf/74d1/4991/1.jpg,,
"Tiny Men Crushed Underfoot Slow Motion Giantess, Soph4mah - PeekVids",,https://cdn-img1.peekvids.com/thumbs/328/3284415/343_m.jpg,,
Shrunk by your Wife Tiny Man POV | Modelhub.com,,https://ei.phncdn.com/videos/202004/26/307433061/thumbs_10/(m=eaAaGwObaaaa)(mh=rUZ6uwSQbtqmIr8k)11.jpg,,
"Chinese femdom, crush pov - porno video N21261565 @ XXX Vogue",,http://img.xxxvogue.net/tmb/1e/f6/21261565/240x180-3.jpg,,
Tiny Men Crushed Underfoot Slow Motion Giantess - XXX Videos ...,,https://img-egc.xvideos-cdn.com/videos/thumbs169lll/23/7f/1a/237f1a45708e2bdf5f4c619cf2a1bf99/237f1a45708e2bdf5f4c619cf2a1bf99.16.jpg,,
Tiny Men Crushed Underfoot Slow Motion Giantess,,https://cdn-img2.iporntv.net/videos/201905/13/223343711/thumbs_25/(m=eaAaGwObaaaa)(mh=P2GLG4V191puzucj)7.jpg,,
Tiny POV Giantess Upskirt | free xxx mobile videos - 16honeys.com,,https://cdn-img2.16honeys.com/videos/202009/02/348278421/original/(m=e0YHGgaaaa)(mh=k0qseXRLzTkStLAB)5.jpg,,
Tiny POV Giantess Upskirt | free xxx mobile videos - 16honeys.com,,https://cdn.16honeys.com/videos/thumbs169l/23/7f/1a/237f1a45708e2bdf5f4c619cf2a1bf99/237f1a45708e2bdf5f4c619cf2a1bf99.13.jpg,,
Upskirt satin panties : r/Upskirt,,https://external-preview.redd.it/K0_pHYccF55p1PaPOf7gxP6gY-OBZnbuoFrUzibkxiE.jpg?width=640&crop=smart&auto=webp&s=8d2fc7a9b8b12718c07d184080a5ff988093c008,,
File:Upskirt-selfie.png - Wikipedia,,https://upload.wikimedia.org/wikipedia/commons/d/d4/Upskirt-selfie.png,,
Sexy MILF Upskirt Tease with Long Feet Soles Bigass in Thongs ...,,https://ei.phncdn.com/videos/202302/09/425118181/original/(m=eaSaaTbaAaaaa)(mh=A0VqN0eGL9zynQxF)9.jpg,,
Free Upskirt Latina Porn Videos (6) - PORNFAZE,,https://pornfaze.com/contents/videos_screenshots/4553000/4553957/452x259/1.jpg,,
giantess upskirt pov | Clips4sale,,https://imagecdn.clips4sale.com/accounts99/142793/clip_images/previewlg_26539575.jpg,,
Giantess upskirt - Best adult videos and photos,,https://d2adpaynhf6x63.cloudfront.net/php_uploads/video_images/TiffanyDoll/VOhFmD8TVOEQprxrKHcm_screenshot_004.jpg,,
Upskirt Giantess Domination • Need for Porn,,https://s8d7.turboimg.net/t1/63786519_2825GG2.jpg,,
Tiny POV Giantess Upskirt - Pornhub.com,,https://ei.phncdn.com/videos/202009/02/348278421/original/(m=eaSaaTbaAaaaa)(mh=lqJL2EE1GYsW_z_o)15.jpg,,
Nikki Next Giantess Upskirt by GTSpanties on DeviantArt,,https://images-wixmp-ed30a86b8c4ca887773594c2.wixmp.com/f/f19caeec-840e-4ace-bf4f-d8a64b0d72be/dfxeuzu-465ffab7-8230-4d48-af10-4fa00006107f.jpg?token=eyJ0eXAiOiJKV1QiLCJhbGciOiJIUzI1NiJ9.eyJzdWIiOiJ1cm46YXBwOjdlMGQxODg5ODIyNjQzNzNhNWYwZDQxNWVhMGQyNmUwIiwiaXNzIjoidXJuOmFwcDo3ZTBkMTg4OTgyMjY0MzczYTVmMGQ0MTVlYTBkMjZlMCIsIm9iaiI6W1t7InBhdGgiOiJcL2ZcL2YxOWNhZWVjLTg0MGUtNGFjZS1iZjRmLWQ4YTY0YjBkNzJiZVwvZGZ4ZXV6dS00NjVmZmFiNy04MjMwLTRkNDgtYWYxMC00ZmEwMDAwNjEwN2YuanBnIn1dXSwiYXVkIjpbInVybjpzZXJ2aWNlOmZpbGUuZG93bmxvYWQiXX0.Ri6FmmRq1SyrZxu4azDguXFhDfUMtT_cm3aOPF0j7yA,,
Giantess upskirt striped dress pink panties - ThisVid.com,,http://media.thisvid.com/contents/videos_screenshots/9730000/9730137/preview.jpg,,
