https://i.postimg.cc/wvMj26Xg/150722-UKU-Stephanie-Bonham-Carter-1080-0040.jpg,,
https://i.postimg.cc/RZdD2RwJ/030323-UKU-Jodie-Ellen-1080-49.jpg,
https://i.postimg.cc/fbbrs9v2/030323-UKU-Jodie-Ellen-1080-27.jpg,
https://i.postimg.cc/jjkkSSgs/030323-UKU-Jodie-Ellen-1080-121.jpg,
https://i.postimg.cc/W3Q7jvGX/050423-UKU-Melissa-Tongue-1080-20220715122741.jpg,
https://i.postimg.cc/wTS86gMc/021022-UKU-Melissa-Tongue-1080-20220203143423.jpg,
https://i.postimg.cc/Sx87k92b/131123-UKU-Siobhan-Graves-1080-154.jpg,
https://i.postimg.cc/SKf6zpfZ/131123-UKU-Siobhan-Graves-1080-117.jpg,
https://i.postimg.cc/NfZ73D0x/131123-UKU-Siobhan-Graves-1080-108.jpg,
https://i.postimg.cc/W3NKKW68/050124-UKU-Cherry-English-1080-80.jpg,
https://i.postimg.cc/0261Rbky/021022-UKU-Melissa-Tongue-1080-20220203143511.jpg,
https://i.postimg.cc/1R71jpZd/021022-UKU-Melissa-Tongue-1080-20220203143456.jpg,
https://i.postimg.cc/fRm4yp04/021022-UKU-Melissa-Tongue-1080-20220203143834.jpg,
https://external-preview.redd.it/QumVUREPNCe8dYik4C5G-7e3Ee68tzsmCl4QijGHWwg.jpg?width=640&crop=smart&auto=webp&s=c6a88fb1dd3b5a40b560681ca5a4bf5293f61192,,
https://s.smutty.com/media_smutty_2/c/a/p/t/p/capt-shmo-qbo0r-ced114.jpg,,
http://www.ukupskirts.com/content/UKU2/photos/Morgan_Lees/001/thumbs/big.jpg,,
http://www.ukupskirts.com/content/UKU2/photos/Poppy/001/thumbs/big.jpg,,
http://ukupskirts.com/content/UKU2/photos/Tyler/005/thumbs/big.jpg,,
http://www.ukupskirts.com/content/UKU2/photos/Alegra_Jones/005/thumbs/big.jpg,,
http://www.ukupskirts.com/content/UKU2/photos/Demi_Scott/006/thumbs/big.jpg,,
http://www.ukupskirts.com/content/UKU2/photos/Rebecca_Leah/002/thumbs/big.jpg,,
http://www.ukupskirts.com/preview/13509/big7.jpg,,
http://www.ukupskirts.com/content/UKU2/photos/Penny_Lee/004/thumbs/big.jpg,,
http://www.ukupskirts.com/content/UKU2/photos/Michelle_Defeo/003/thumbs/big.jpg,,
http://www.ukupskirts.com/content/UKU2/photos/Michelle_Louise/002/thumbs/big.jpg,,
http://letslive.info/img/ab11c31de868b7ea0de6de08f9365a97.jpg,,
https://cdn.nudegirls.wiki/uploads/images/1515/upskirt-frankie-upskirt-pov-PvHI5Q.jpg,,
http://www.ukupskirts.com/preview/14046/big7.jpg,,
http://www.ukupskirts.com/content/UKU2/photos/Sammie_Jo/001/thumbs/big.jpg,,
http://www.ukupskirts.com/content/UKU2/photos/Kelli_Smith/003/thumbs/big.jpg,,
http://25.media.tumblr.com/e5a4b018ce044fb35cba4b28d4c3cae8/tumblr_mi79dcPfs41rg1xt9o1_500.jpg,,
https://www.ukupskirts.com/content/UKU2/photos/Amy_Latina/005/thumbs/big.jpg,,
http://www.ukupskirts.com/preview/13837/big7.jpg,,
http://www.ukupskirts.com/content/UKU2/photos/Taylor_W/001/thumbs/big.jpg,,
https://fans-01.iwantclips.com/uploads/contents/videos/1025551/0245202001671135513_d972f2f1720baf3869d1aa87fe49506b.gif,,
https://fans-01.iwantclips.com/uploads/contents/videos/1049725/0404878001695571815_fff137e54ea7cf0acc180f419b8c5a86.gif,,
https://fans-01.iwantclips.com/uploads/contents/videos/1049725/0091753001662485277_50735d091e65d9dfb5ff9c52ea636e16.gif,,
https://nlt05.shemale.movie/5/f/a/5fa7417da955b54fa59a244e4665c808/thumbs/480x270/2.jpeg,,
https://ei-ph.rdtcdn.com/videos/202012/06/377263561/thumbs_15/(m=eWdT8f)(mh=LxC8t0LVmpGijzNg)10.jpg,,
UPSKIRT @ Tranny Clips - Free Shemale Porn,,https://tt.visitgate.com/785/433/87.jpg,,
UPSKIRT @ Tranny Clips - Free Shemale Porn,,https://tt.visitgate.com/785/550/47.jpg,,
"chinese heel pov Search, sorted by popularity - VideoSection",,https://nlt04.videosection.com/8/b/c/8bcc047e8facf4295d9ec867279e53de/thumbs/480x270/1.jpeg,,
high heels â€“ Ezada Sinn,,https://mistressezada.com/wp-content/uploads/2016/10/proxy.jpg,,
Ezada Sinn TrophyPorn Videos on TrophyPorn.com,,https://di.phncdn.com/videos/202101/21/382148072/original/(m=eaf8Ggaaaa)(mh=nyye4Ow17k8VmaEV)10.jpg,,
milf â€“ Ezada Sinn,,https://mistressezada.com/wp-content/uploads/2021/01/Ezada-Sinn-shiny-pantyhose-neon-40-mocca-4-768x1024.jpg,,
"â™€ï¸ The Matriarch (Ezada Sinn) â™€ï¸ ğŸ” on X: ""Watch My YouTube ...",,https://pbs.twimg.com/media/Flf8zJoWAAoTymP?format=jpg&name=4096x4096,,
"â™€ï¸ The Matriarch (Ezada Sinn) â™€ï¸ ğŸ” on X: ""Every image, every ...",,https://pbs.twimg.com/media/F3QkBvuXEAAy1wl?format=jpg&name=4096x4096,,
"â™€ï¸ The Matriarch (Ezada Sinn) â™€ï¸ ğŸ” on X: ""You will sufferâ€¦and ...",,https://pbs.twimg.com/media/Fnq_uJgWIAEdRT1?format=jpg&name=4096x4096,,
"â™€ï¸ The Matriarch (Ezada Sinn) â™€ï¸ ğŸ” on X: ""The sound of ...",,https://pbs.twimg.com/media/FnEXfKyWIAE5dQj?format=jpg&name=4096x4096,,
"â™€ï¸ The Matriarch (Ezada Sinn) â™€ï¸ ğŸ” on X: ""In burgundy leather ...",,https://pbs.twimg.com/media/Fr7FDGqXsAIzxyx?format=jpg&name=4096x4096,,
Ezada sinn (@your1favouritemistress)'s videos with original sound ...,,https://www.tiktok.com/api/img/?itemId=7293665719491808518&location=0&aid=1988,,
mini skirt â€“ Ezada Sinn,,https://mistressezada.com/wp-content/uploads/2020/10/white-leather-skirt-Ezada-Sinn-1-scaled.jpg,,
TW Pornstars - â™€ï¸ The Matriarch (Ezada Sinn) â™€ï¸ ğŸ”. Twitter ...,,https://pbs.twimg.com/media/FLzb7KZXEAsCeyD.jpg:large,,
TW Pornstars - â™€ï¸ The Matriarch (Ezada Sinn) â™€ï¸ ğŸ”. Twitter ...,,https://pbs.twimg.com/media/FZd1FQsXoAAdpmw.jpg:large,,
TW Pornstars - â™€ï¸ The Matriarch (Ezada Sinn) â™€ï¸ ğŸ”. Twitter. I ...,,https://pbs.twimg.com/media/E4DXVMDVIAEDltF.jpg:large,,
TW Pornstars - â™€ï¸ The Matriarch (Ezada Sinn) â™€ï¸ ğŸ”. Twitter ...,,https://pbs.twimg.com/media/E6HiWGAXEAsjUeb.jpg:large,,
TW Pornstars - â™€ï¸ The Matriarch (Ezada Sinn) â™€ï¸ ğŸ”. Twitter ...,,https://pbs.twimg.com/media/EmUAyeDWEAAeRRH.jpg:large,,
TW Pornstars - â™€ï¸ The Matriarch (Ezada Sinn) â™€ï¸ ğŸ”. Twitter ...,,https://pbs.twimg.com/media/E8x6n8XWEAADNEu.jpg:large,,
TW Pornstars - â™€ï¸ The Matriarch (Ezada Sinn) â™€ï¸ ğŸ”. Twitter ...,,https://pbs.twimg.com/media/FUW0cH9XoAIZDiZ.jpg:large,,
TW Pornstars - â™€ï¸ The Matriarch (Ezada Sinn) â™€ï¸ ğŸ”. Twitter ...,,https://pbs.twimg.com/media/FqO7mknXsAEsaFe.jpg:large,,
https://img-egc.xvideos-cdn.com/videos/thumbs169lll/2f/d3/bb/2fd3bbc56ef77560519384dc4d1be702/2fd3bbc56ef77560519384dc4d1be702.11.jpg,,
https://preview.redd.it/youre-really-that-small-no-one-would-even-know-if-i-crushed-v0-r6lw6z8qqglb1.jpg?width=640&crop=smart&auto=webp&s=1c77aad1084198002f89dbc92f25084103d211ba,,
https://i.redd.it/abmmx95rd0981.jpg,,
https://live.staticflickr.com/7883/40545560273_b8c33f8ed6_b.jpg,,
https://live.staticflickr.com/65535/51408319376_d6f2ce3ce2_b.jpg,,
https://lookaside.instagram.com/seo/google_widget/crawler/?media_id=2421227296337131198,,
https://i.redd.it/e3ipg3k0tokb1.jpg,,