Shrunken in Giantess Dorm Upskirt Views - Giantess Tara | Clips4sale,,https://imagecdn.clips4sale.com/accounts99/171561/clip_images/previewlg_29228505.jpg,,
"Giantess shrinks your bullys and gets rid of them in front of you (Trailer) 
(Vore, Buttcrush, Socks)",,https://ei.phncdn.com/videos/202303/20/427807241/thumbs_1/(m=eaSaaTbaAaaaa)(mh=O3jRZOYq2c5I051J)9.jpg,,
Giantess EditZ - Caught In The Giant Girls Room POV,,https://giantess.porn/contents/videos_screenshots/6000/6095/preview_premium_preview.mp4.jpg,,
Upskirt in Giantess Dorm POV trailer,,https://ei.phncdn.com/videos/202311/20/443348041/original/(m=eaSaaTbaAaaaa)(mh=fsQDxCef-n5Jd9pC)13.jpg,,
Rise Of The Giantess - Giantess Gabriella Unaware Of Her Growth ...,,https://giantess.porn/contents/videos_screenshots/6000/6956/640x360/1.jpg,,
"juliusromanize (18+) on X: ""Let's strip him 3 #giantess ...",,https://pbs.twimg.com/media/FbDJNuGagAE6DI4?format=jpg&name=4096x4096,,
"267 Young Girls In Changing Room Stock Videos, Footage, & 4K Video ...",,https://media.gettyimages.com/id/1456156498/video/teenage-girl-takes-off-her-clothes-in-the-locker-room-of-the-pool.jpg?s=640x640&k=20&c=tESM0OIEunOiKE1dzzgYqa2IshXRKH7Hk68Aoz72KXU=,,
"Happy Thursday! Don‚Äôt you love playing dress up especially when it ends 
with pretty pink bags going out the door ü§© Where else should I visit for a 
try on haul & shopping day?, ., ., ., ., ., ., ., ., ...",,https://lookaside.instagram.com/seo/google_widget/crawler/?media_id=3496129021203611887,,
Crush | Foot Slave,,https://www.foot-slave.info/post_images/post-758.gif,,
Mistress Jana wears red heels | Femdom Fetish Videos,,https://www.femdomfetishvideos.com/post_images/post-260.gif,,
Trampled under Jana #2 - MP4 1280 px - Footdomination Crush POVS ...,,https://imagecdn.clips4sale.com/accounts99/44526/clip_images/previewlg_8169783.jpg,,
Oyayubihime [Full Episode] - Engsub on Make a GIF,,https://i.makeagif.com/media/5-19-2020/tWCLENK.jpg,,
Oyayubihime Giantess by luigiyoshi on DeviantArt,,https://images-wixmp-ed30a86b8c4ca887773594c2.wixmp.com/f/35391e5c-d592-4626-9dd2-514c9172d540/detr0ty-e89f945e-4f62-44fa-ad2c-34cfbe4939b7.gif?token=eyJ0eXAiOiJKV1QiLCJhbGciOiJIUzI1NiJ9.eyJzdWIiOiJ1cm46YXBwOjdlMGQxODg5ODIyNjQzNzNhNWYwZDQxNWVhMGQyNmUwIiwiaXNzIjoidXJuOmFwcDo3ZTBkMTg4OTgyMjY0MzczYTVmMGQ0MTVlYTBkMjZlMCIsIm9iaiI6W1t7InBhdGgiOiJcL2ZcLzM1MzkxZTVjLWQ1OTItNDYyNi05ZGQyLTUxNGM5MTcyZDU0MFwvZGV0cjB0eS1lODlmOTQ1ZS00ZjYyLTQ0ZmEtYWQyYy0zNGNmYmU0OTM5YjcuZ2lmIn1dXSwiYXVkIjpbInVybjpzZXJ2aWNlOmZpbGUuZG93bmxvYWQiXX0.XI9i61jyFigO07FDm8535uFGQrCemdHLAKGlkPYc-vs,,
Giantess Asian Upskirt by luigiyoshi on DeviantArt,,https://images-wixmp-ed30a86b8c4ca887773594c2.wixmp.com/f/35391e5c-d592-4626-9dd2-514c9172d540/detrp3g-e9a77351-7849-43ca-b085-1a8a0f289702.gif?token=eyJ0eXAiOiJKV1QiLCJhbGciOiJIUzI1NiJ9.eyJzdWIiOiJ1cm46YXBwOjdlMGQxODg5ODIyNjQzNzNhNWYwZDQxNWVhMGQyNmUwIiwiaXNzIjoidXJuOmFwcDo3ZTBkMTg4OTgyMjY0MzczYTVmMGQ0MTVlYTBkMjZlMCIsIm9iaiI6W1t7InBhdGgiOiJcL2ZcLzM1MzkxZTVjLWQ1OTItNDYyNi05ZGQyLTUxNGM5MTcyZDU0MFwvZGV0cnAzZy1lOWE3NzM1MS03ODQ5LTQzY2EtYjA4NS0xYThhMGYyODk3MDIuZ2lmIn1dXSwiYXVkIjpbInVybjpzZXJ2aWNlOmZpbGUuZG93bmxvYWQiXX0.iTt1E1u0ksgG5k6hPk-U810TnsU5O6Px9TABC4OgY1c,,
Giantess Movie Oyayubihime Part 4 No Subtitles on Make a GIF,,https://i.makeagif.com/media/2-12-2022/JS6i5l.gif,,
Giantess GIF - Giantess - Discover & Share GIFs,,https://media.tenor.com/SL2TtV5-v4EAAAAd/giantess.gif,,
Oyayubihime [Clip 7] - Thumbelina on Make a GIF,,https://i.makeagif.com/media/9-22-2020/ZTjKSl.gif,,
"Virtual Giantess 4D on X: ""#giantess #Â∑®Â§ßÂ®ò #oyayubihime #Ë¶™„ÇÜ„Å≥ ...",,https://pbs.twimg.com/tweet_video_thumb/EEu4LHrWsAcrDYl.jpg,,
Oyayubihime (1999),,https://m.media-amazon.com/images/M/MV5BOWQyMDc1YWItZmYyMC00YzUyLWJiZTctZjEwN2JiZDJiNDM2XkEyXkFqcGdeQXVyNzg3MTAyOTM@._V1_.jpg,,
"Virtual Giantess 4D on X: ""#Ë¶™„ÇÜ„Å≥Âß´ #Oyayubihime https://t.co ...",,https://pbs.twimg.com/tweet_video_thumb/Ez_LNp1VoAEP99b.jpg,,
"Virtual Giantess 4D on X: ""#Ë¶™„ÇÜ„Å≥Âß´ #Oyayubihime https://t.co ...",,https://pbs.twimg.com/tweet_video_thumb/Ez_K_EWVcAE7JhR.jpg,,
swgtslove.tumblr.com,,https://64.media.tumblr.com/030f7161aae42493758e23c1d20cd2ca/tumblr_inline_o9tpl7ABBV1tpuo6d_500.gifv,,
swgtslove.tumblr.com,,https://64.media.tumblr.com/b095d30c1f2d9b49686e2aa290e465d2/tumblr_inline_o9tpknKdMC1tpuo6d_500.gifv,,
